Experiment_name, System, Variable, Value, Time
Water Level Control,            WaterTankSystem,            PV_WaterLevel_out,            0.0,            0.0
Water Level Control,            S7-1500,            CV_PumpCtrl_out,            0.0,            0.0
Water Level Control,            WaterTankSystem,            PV_WaterLevel_out,            0.0,            0.2
Water Level Control,            S7-1500,            CV_PumpCtrl_out,            0.0,            0.2
Water Level Control,            WaterTankSystem,            PV_WaterLevel_out,            0.0,            0.4
Water Level Control,            S7-1500,            CV_PumpCtrl_out,            15.16952133178711,            0.4
Water Level Control,            WaterTankSystem,            PV_WaterLevel_out,            0.37542986796493416,            0.6000000000000001
Water Level Control,            S7-1500,            CV_PumpCtrl_out,            15.568833351135254,            0.6000000000000001
Water Level Control,            WaterTankSystem,            PV_WaterLevel_out,            1.1168124464192135,            0.8
Water Level Control,            S7-1500,            CV_PumpCtrl_out,            15.568833351135254,            0.8
Water Level Control,            WaterTankSystem,            PV_WaterLevel_out,            1.8609485179956005,            1.0
Water Level Control,            S7-1500,            CV_PumpCtrl_out,            15.345078468322754,            1.0
Water Level Control,            WaterTankSystem,            PV_WaterLevel_out,            2.6095212908641776,            1.2
Water Level Control,            S7-1500,            CV_PumpCtrl_out,            15.042779922485352,            1.2
Water Level Control,            WaterTankSystem,            PV_WaterLevel_out,            3.340316425750792,            1.4
Water Level Control,            S7-1500,            CV_PumpCtrl_out,            14.658967971801758,            1.4
Water Level Control,            WaterTankSystem,            PV_WaterLevel_out,            4.044429574844922,            1.5999999999999999
Water Level Control,            S7-1500,            CV_PumpCtrl_out,            14.228743553161621,            1.5999999999999999
Water Level Control,            WaterTankSystem,            PV_WaterLevel_out,            4.72473996597108,            1.7999999999999998
Water Level Control,            S7-1500,            CV_PumpCtrl_out,            13.768131256103516,            1.7999999999999998
Water Level Control,            WaterTankSystem,            PV_WaterLevel_out,            5.379701548206508,            1.9999999999999998
Water Level Control,            S7-1500,            CV_PumpCtrl_out,            13.275192260742188,            1.9999999999999998
Water Level Control,            WaterTankSystem,            PV_WaterLevel_out,            6.008053179692593,            2.1999999999999997
Water Level Control,            S7-1500,            CV_PumpCtrl_out,            12.754779815673828,            2.1999999999999997
Water Level Control,            WaterTankSystem,            PV_WaterLevel_out,            6.608560803136221,            2.4
Water Level Control,            S7-1500,            CV_PumpCtrl_out,            12.211446762084961,            2.4
Water Level Control,            WaterTankSystem,            PV_WaterLevel_out,            7.180192321574324,            2.6
Water Level Control,            S7-1500,            CV_PumpCtrl_out,            11.64982795715332,            2.6
Water Level Control,            WaterTankSystem,            PV_WaterLevel_out,            7.722120125804886,            2.8000000000000003
Water Level Control,            S7-1500,            CV_PumpCtrl_out,            11.074362754821777,            2.8000000000000003
Water Level Control,            WaterTankSystem,            PV_WaterLevel_out,            8.233723619017185,            3.0000000000000004
Water Level Control,            S7-1500,            CV_PumpCtrl_out,            10.489258766174316,            3.0000000000000004
Water Level Control,            WaterTankSystem,            PV_WaterLevel_out,            8.714582281374078,            3.2000000000000006
Water Level Control,            S7-1500,            CV_PumpCtrl_out,            9.898481369018555,            3.2000000000000006
Water Level Control,            WaterTankSystem,            PV_WaterLevel_out,            9.164466521463677,            3.400000000000001
Water Level Control,            S7-1500,            CV_PumpCtrl_out,            9.305734634399414,            3.400000000000001
Water Level Control,            WaterTankSystem,            PV_WaterLevel_out,            9.583327084591616,            3.600000000000001
Water Level Control,            S7-1500,            CV_PumpCtrl_out,            8.714462280273438,            3.600000000000001
Water Level Control,            WaterTankSystem,            PV_WaterLevel_out,            9.97128352031883,            3.800000000000001
Water Level Control,            S7-1500,            CV_PumpCtrl_out,            8.127838134765625,            3.800000000000001
Water Level Control,            WaterTankSystem,            PV_WaterLevel_out,            10.328612088060177,            4.000000000000001
Water Level Control,            S7-1500,            CV_PumpCtrl_out,            7.5487751960754395,            4.000000000000001
Water Level Control,            WaterTankSystem,            PV_WaterLevel_out,            10.655733398929748,            4.200000000000001
Water Level Control,            S7-1500,            CV_PumpCtrl_out,            6.979921340942383,            4.200000000000001
Water Level Control,            WaterTankSystem,            PV_WaterLevel_out,            10.953199989874744,            4.400000000000001
Water Level Control,            S7-1500,            CV_PumpCtrl_out,            6.423666954040527,            4.400000000000001
Water Level Control,            WaterTankSystem,            PV_WaterLevel_out,            11.221683841350556,            4.600000000000001
Water Level Control,            S7-1500,            CV_PumpCtrl_out,            5.882145881652832,            4.600000000000001
Water Level Control,            WaterTankSystem,            PV_WaterLevel_out,            11.461964002982679,            4.800000000000002
Water Level Control,            S7-1500,            CV_PumpCtrl_out,            5.357252597808838,            4.800000000000002
Water Level Control,            WaterTankSystem,            PV_WaterLevel_out,            11.674914590486079,            5.000000000000002
Water Level Control,            S7-1500,            CV_PumpCtrl_out,            4.850636005401611,            5.000000000000002
Water Level Control,            WaterTankSystem,            PV_WaterLevel_out,            11.861492992556334,            5.200000000000002
Water Level Control,            S7-1500,            CV_PumpCtrl_out,            4.363718509674072,            5.200000000000002
Water Level Control,            WaterTankSystem,            PV_WaterLevel_out,            12.022728350449592,            5.400000000000002
Water Level Control,            S7-1500,            CV_PumpCtrl_out,            3.8977012634277344,            5.400000000000002
Water Level Control,            WaterTankSystem,            PV_WaterLevel_out,            12.159710606138928,            5.600000000000002
Water Level Control,            S7-1500,            CV_PumpCtrl_out,            3.45357608795166,            5.600000000000002
Water Level Control,            WaterTankSystem,            PV_WaterLevel_out,            12.273579948681606,            5.8000000000000025
Water Level Control,            S7-1500,            CV_PumpCtrl_out,            3.032130718231201,            5.8000000000000025
Water Level Control,            WaterTankSystem,            PV_WaterLevel_out,            12.36551666518183,            6.000000000000003
Water Level Control,            S7-1500,            CV_PumpCtrl_out,            2.633969783782959,            6.000000000000003
Water Level Control,            WaterTankSystem,            PV_WaterLevel_out,            12.436731628261436,            6.200000000000003
Water Level Control,            S7-1500,            CV_PumpCtrl_out,            2.259512424468994,            6.200000000000003
Water Level Control,            WaterTankSystem,            PV_WaterLevel_out,            12.488457232593037,            6.400000000000003
Water Level Control,            S7-1500,            CV_PumpCtrl_out,            1.9090170860290527,            6.400000000000003
Water Level Control,            WaterTankSystem,            PV_WaterLevel_out,            12.521938880127074,            6.600000000000003
Water Level Control,            S7-1500,            CV_PumpCtrl_out,            1.5825819969177246,            6.600000000000003
Water Level Control,            WaterTankSystem,            PV_WaterLevel_out,            12.538427087155915,            6.800000000000003
Water Level Control,            S7-1500,            CV_PumpCtrl_out,            1.0015907287597656,            6.800000000000003
Water Level Control,            WaterTankSystem,            PV_WaterLevel_out,            12.539170108822882,            7.0000000000000036
Water Level Control,            S7-1500,            CV_PumpCtrl_out,            1.0015907287597656,            7.0000000000000036
Water Level Control,            WaterTankSystem,            PV_WaterLevel_out,            12.525407165632451,            7.200000000000004
Water Level Control,            S7-1500,            CV_PumpCtrl_out,            0.7465591430664062,            7.200000000000004
Water Level Control,            WaterTankSystem,            PV_WaterLevel_out,            12.498362142837577,            7.400000000000004
Water Level Control,            S7-1500,            CV_PumpCtrl_out,            0.5146636962890625,            7.400000000000004
Water Level Control,            WaterTankSystem,            PV_WaterLevel_out,            12.459237954327234,            7.600000000000004
Water Level Control,            S7-1500,            CV_PumpCtrl_out,            0.30539369583129883,            7.600000000000004
Water Level Control,            WaterTankSystem,            PV_WaterLevel_out,            12.409211333558462,            7.800000000000004
Water Level Control,            S7-1500,            CV_PumpCtrl_out,            0.11815667152404785,            7.800000000000004
Water Level Control,            WaterTankSystem,            PV_WaterLevel_out,            12.349428308986539,            8.000000000000004
Water Level Control,            S7-1500,            CV_PumpCtrl_out,            0.0,            8.000000000000004
Water Level Control,            WaterTankSystem,            PV_WaterLevel_out,            12.282192411053739,            8.200000000000003
Water Level Control,            S7-1500,            CV_PumpCtrl_out,            0.0,            8.200000000000003
Water Level Control,            WaterTankSystem,            PV_WaterLevel_out,            12.212200493075192,            8.400000000000002
Water Level Control,            S7-1500,            CV_PumpCtrl_out,            0.0,            8.400000000000002
Water Level Control,            WaterTankSystem,            PV_WaterLevel_out,            12.142408575096617,            8.600000000000001
Water Level Control,            S7-1500,            CV_PumpCtrl_out,            0.0,            8.600000000000001
Water Level Control,            WaterTankSystem,            PV_WaterLevel_out,            12.07281665711801,            8.8
Water Level Control,            S7-1500,            CV_PumpCtrl_out,            0.0,            8.8
Water Level Control,            WaterTankSystem,            PV_WaterLevel_out,            12.003424739139371,            9.0
Water Level Control,            S7-1500,            CV_PumpCtrl_out,            0.0,            9.0
Water Level Control,            WaterTankSystem,            PV_WaterLevel_out,            11.934232821160702,            9.2
Water Level Control,            S7-1500,            CV_PumpCtrl_out,            0.0,            9.2
Water Level Control,            WaterTankSystem,            PV_WaterLevel_out,            11.865240903182,            9.399999999999999
Water Level Control,            S7-1500,            CV_PumpCtrl_out,            0.0,            9.399999999999999
Water Level Control,            WaterTankSystem,            PV_WaterLevel_out,            11.796448985203266,            9.599999999999998
Water Level Control,            S7-1500,            CV_PumpCtrl_out,            0.0,            9.599999999999998
Water Level Control,            WaterTankSystem,            PV_WaterLevel_out,            11.727857067224502,            9.799999999999997
Water Level Control,            S7-1500,            CV_PumpCtrl_out,            0.0,            9.799999999999997
Water Level Control,            WaterTankSystem,            PV_WaterLevel_out,            11.659465149245705,            9.999999999999996
Water Level Control,            S7-1500,            CV_PumpCtrl_out,            0.0,            9.999999999999996
Water Level Control,            WaterTankSystem,            PV_WaterLevel_out,            11.591273231266873,            10.199999999999996
Water Level Control,            S7-1500,            CV_PumpCtrl_out,            0.0,            10.199999999999996
Water Level Control,            WaterTankSystem,            PV_WaterLevel_out,            11.52328131328801,            10.399999999999995
Water Level Control,            S7-1500,            CV_PumpCtrl_out,            0.0,            10.399999999999995
Water Level Control,            WaterTankSystem,            PV_WaterLevel_out,            11.455489395309112,            10.599999999999994
Water Level Control,            S7-1500,            CV_PumpCtrl_out,            0.0,            10.599999999999994
Water Level Control,            WaterTankSystem,            PV_WaterLevel_out,            11.387897477330181,            10.799999999999994
Water Level Control,            S7-1500,            CV_PumpCtrl_out,            0.0,            10.799999999999994
Water Level Control,            WaterTankSystem,            PV_WaterLevel_out,            11.320505559351217,            10.999999999999993
Water Level Control,            S7-1500,            CV_PumpCtrl_out,            0.0,            10.999999999999993
Water Level Control,            WaterTankSystem,            PV_WaterLevel_out,            11.253313641372218,            11.199999999999992
Water Level Control,            S7-1500,            CV_PumpCtrl_out,            0.0,            11.199999999999992
Water Level Control,            WaterTankSystem,            PV_WaterLevel_out,            11.186321723393183,            11.399999999999991
Water Level Control,            S7-1500,            CV_PumpCtrl_out,            0.0,            11.399999999999991
Water Level Control,            WaterTankSystem,            PV_WaterLevel_out,            11.119529805414116,            11.59999999999999
Water Level Control,            S7-1500,            CV_PumpCtrl_out,            0.0,            11.59999999999999
Water Level Control,            WaterTankSystem,            PV_WaterLevel_out,            11.052937887435013,            11.79999999999999
Water Level Control,            S7-1500,            CV_PumpCtrl_out,            0.0,            11.79999999999999
Water Level Control,            WaterTankSystem,            PV_WaterLevel_out,            10.986545969455873,            11.99999999999999
Water Level Control,            S7-1500,            CV_PumpCtrl_out,            0.0,            11.99999999999999
Water Level Control,            WaterTankSystem,            PV_WaterLevel_out,            10.920354051476698,            12.199999999999989
Water Level Control,            S7-1500,            CV_PumpCtrl_out,            0.0,            12.199999999999989
Water Level Control,            WaterTankSystem,            PV_WaterLevel_out,            10.854362133497487,            12.399999999999988
Water Level Control,            S7-1500,            CV_PumpCtrl_out,            0.0,            12.399999999999988
Water Level Control,            WaterTankSystem,            PV_WaterLevel_out,            10.78857021551824,            12.599999999999987
Water Level Control,            S7-1500,            CV_PumpCtrl_out,            0.0,            12.599999999999987
Water Level Control,            WaterTankSystem,            PV_WaterLevel_out,            10.722978297538956,            12.799999999999986
Water Level Control,            S7-1500,            CV_PumpCtrl_out,            0.0,            12.799999999999986
Water Level Control,            WaterTankSystem,            PV_WaterLevel_out,            10.657586379559634,            12.999999999999986
Water Level Control,            S7-1500,            CV_PumpCtrl_out,            0.0,            12.999999999999986
Water Level Control,            WaterTankSystem,            PV_WaterLevel_out,            10.592394461580275,            13.199999999999985
Water Level Control,            S7-1500,            CV_PumpCtrl_out,            0.0,            13.199999999999985
Water Level Control,            WaterTankSystem,            PV_WaterLevel_out,            10.527402543600878,            13.399999999999984
Water Level Control,            S7-1500,            CV_PumpCtrl_out,            0.0,            13.399999999999984
Water Level Control,            WaterTankSystem,            PV_WaterLevel_out,            10.462610625621444,            13.599999999999984
Water Level Control,            S7-1500,            CV_PumpCtrl_out,            0.0,            13.599999999999984
Water Level Control,            WaterTankSystem,            PV_WaterLevel_out,            10.39801870764197,            13.799999999999983
Water Level Control,            S7-1500,            CV_PumpCtrl_out,            0.0,            13.799999999999983
Water Level Control,            WaterTankSystem,            PV_WaterLevel_out,            10.333626789662457,            13.999999999999982
Water Level Control,            S7-1500,            CV_PumpCtrl_out,            0.0,            13.999999999999982
Water Level Control,            WaterTankSystem,            PV_WaterLevel_out,            10.269434871682906,            14.199999999999982
Water Level Control,            S7-1500,            CV_PumpCtrl_out,            0.0,            14.199999999999982
Water Level Control,            WaterTankSystem,            PV_WaterLevel_out,            10.205442953703315,            14.39999999999998
Water Level Control,            S7-1500,            CV_PumpCtrl_out,            0.0,            14.39999999999998
Water Level Control,            WaterTankSystem,            PV_WaterLevel_out,            10.141651035723683,            14.59999999999998
Water Level Control,            S7-1500,            CV_PumpCtrl_out,            0.0,            14.59999999999998
Water Level Control,            WaterTankSystem,            PV_WaterLevel_out,            10.078059117744012,            14.79999999999998
Water Level Control,            S7-1500,            CV_PumpCtrl_out,            0.0,            14.79999999999998
Water Level Control,            WaterTankSystem,            PV_WaterLevel_out,            10.014667199764299,            14.999999999999979
Water Level Control,            S7-1500,            CV_PumpCtrl_out,            0.0,            14.999999999999979
Water Level Control,            WaterTankSystem,            PV_WaterLevel_out,            9.951475281784546,            15.199999999999978
Water Level Control,            S7-1500,            CV_PumpCtrl_out,            0.0,            15.199999999999978
Water Level Control,            WaterTankSystem,            PV_WaterLevel_out,            9.88848336380475,            15.399999999999977
Water Level Control,            S7-1500,            CV_PumpCtrl_out,            0.0,            15.399999999999977
Water Level Control,            WaterTankSystem,            PV_WaterLevel_out,            9.825691445824912,            15.599999999999977
Water Level Control,            S7-1500,            CV_PumpCtrl_out,            0.0,            15.599999999999977
Water Level Control,            WaterTankSystem,            PV_WaterLevel_out,            9.763099527845034,            15.799999999999976
Water Level Control,            S7-1500,            CV_PumpCtrl_out,            0.0,            15.799999999999976
Water Level Control,            WaterTankSystem,            PV_WaterLevel_out,            9.700707609865113,            15.999999999999975
Water Level Control,            S7-1500,            CV_PumpCtrl_out,            0.0,            15.999999999999975
Water Level Control,            WaterTankSystem,            PV_WaterLevel_out,            9.638515691885148,            16.199999999999974
Water Level Control,            S7-1500,            CV_PumpCtrl_out,            0.0,            16.199999999999974
Water Level Control,            WaterTankSystem,            PV_WaterLevel_out,            9.576523773905139,            16.399999999999974
Water Level Control,            S7-1500,            CV_PumpCtrl_out,            0.04252532124519348,            16.399999999999974
Water Level Control,            WaterTankSystem,            PV_WaterLevel_out,            9.51579412825561,            16.599999999999973
Water Level Control,            S7-1500,            CV_PumpCtrl_out,            0.17786046862602234,            16.599999999999973
Water Level Control,            WaterTankSystem,            PV_WaterLevel_out,            9.459702213803098,            16.799999999999972
Water Level Control,            S7-1500,            CV_PumpCtrl_out,            0.317376047372818,            16.799999999999972
Water Level Control,            WaterTankSystem,            PV_WaterLevel_out,            9.410652558446962,            16.99999999999997
Water Level Control,            S7-1500,            CV_PumpCtrl_out,            0.45554277300834656,            16.99999999999997
Water Level Control,            WaterTankSystem,            PV_WaterLevel_out,            9.368693250796627,            17.19999999999997
Water Level Control,            S7-1500,            CV_PumpCtrl_out,            0.5880530476570129,            17.19999999999997
Water Level Control,            WaterTankSystem,            PV_WaterLevel_out,            9.333626562309332,            17.39999999999997
Water Level Control,            S7-1500,            CV_PumpCtrl_out,            0.71412193775177,            17.39999999999997
Water Level Control,            WaterTankSystem,            PV_WaterLevel_out,            9.305128238818522,            17.59999999999997
Water Level Control,            S7-1500,            CV_PumpCtrl_out,            0.8333591818809509,            17.59999999999997
Water Level Control,            WaterTankSystem,            PV_WaterLevel_out,            9.28284565304778,            17.79999999999997
Water Level Control,            S7-1500,            CV_PumpCtrl_out,            0.9455943703651428,            17.79999999999997
Water Level Control,            WaterTankSystem,            PV_WaterLevel_out,            9.266413259398249,            17.999999999999968
Water Level Control,            S7-1500,            CV_PumpCtrl_out,            1.0507336854934692,            17.999999999999968
Water Level Control,            WaterTankSystem,            PV_WaterLevel_out,            9.255460056719915,            18.199999999999967
Water Level Control,            S7-1500,            CV_PumpCtrl_out,            1.1487400531768799,            18.199999999999967
Water Level Control,            WaterTankSystem,            PV_WaterLevel_out,            9.249612954780654,            18.399999999999967
Water Level Control,            S7-1500,            CV_PumpCtrl_out,            1.2396249771118164,            18.399999999999967
Water Level Control,            WaterTankSystem,            PV_WaterLevel_out,            9.248499427357793,            18.599999999999966
Water Level Control,            S7-1500,            CV_PumpCtrl_out,            1.3234341144561768,            18.599999999999966
Water Level Control,            WaterTankSystem,            PV_WaterLevel_out,            9.251749589402724,            18.799999999999965
Water Level Control,            S7-1500,            CV_PumpCtrl_out,            1.4002535343170166,            18.799999999999965
Water Level Control,            WaterTankSystem,            PV_WaterLevel_out,            9.258998060917687,            18.999999999999964
Water Level Control,            S7-1500,            CV_PumpCtrl_out,            1.4702033996582031,            18.999999999999964
Water Level Control,            WaterTankSystem,            PV_WaterLevel_out,            9.269885820122441,            19.199999999999964
Water Level Control,            S7-1500,            CV_PumpCtrl_out,            1.5334316492080688,            19.199999999999964
Water Level Control,            WaterTankSystem,            PV_WaterLevel_out,            9.284061732583318,            19.399999999999963
Water Level Control,            S7-1500,            CV_PumpCtrl_out,            1.5901108980178833,            19.399999999999963
Water Level Control,            WaterTankSystem,            PV_WaterLevel_out,            9.301183838071175,            19.599999999999962
Water Level Control,            S7-1500,            CV_PumpCtrl_out,            1.640441656112671,            19.599999999999962
Water Level Control,            WaterTankSystem,            PV_WaterLevel_out,            9.320920634348429,            19.79999999999996
Water Level Control,            S7-1500,            CV_PumpCtrl_out,            1.6846399307250977,            19.79999999999996
Water Level Control,            WaterTankSystem,            PV_WaterLevel_out,            9.34295212568609,            19.99999999999996
Water Level Control,            S7-1500,            CV_PumpCtrl_out,            1.7229418754577637,            19.99999999999996
Water Level Control,            WaterTankSystem,            PV_WaterLevel_out,            9.366970673562713,            20.19999999999996
Water Level Control,            S7-1500,            CV_PumpCtrl_out,            1.7556004524230957,            20.19999999999996
Water Level Control,            WaterTankSystem,            PV_WaterLevel_out,            9.392681876100351,            20.39999999999996
Water Level Control,            S7-1500,            CV_PumpCtrl_out,            1.782874584197998,            20.39999999999996
Water Level Control,            WaterTankSystem,            PV_WaterLevel_out,            9.419805089630355,            20.59999999999996
Water Level Control,            S7-1500,            CV_PumpCtrl_out,            1.805039644241333,            20.59999999999996
Water Level Control,            WaterTankSystem,            PV_WaterLevel_out,            9.448073939534043,            20.799999999999958
Water Level Control,            S7-1500,            CV_PumpCtrl_out,            1.8223739862442017,            20.799999999999958
Water Level Control,            WaterTankSystem,            PV_WaterLevel_out,            9.477236754231907,            20.999999999999957
Water Level Control,            S7-1500,            CV_PumpCtrl_out,            1.8351633548736572,            20.999999999999957
Water Level Control,            WaterTankSystem,            PV_WaterLevel_out,            9.507056771870472,            21.199999999999957
Water Level Control,            S7-1500,            CV_PumpCtrl_out,            1.843696117401123,            21.199999999999957
Water Level Control,            WaterTankSystem,            PV_WaterLevel_out,            9.53731233726028,            21.399999999999956
Water Level Control,            S7-1500,            CV_PumpCtrl_out,            1.848259687423706,            21.399999999999956
Water Level Control,            WaterTankSystem,            PV_WaterLevel_out,            9.567796890089713,            21.599999999999955
Water Level Control,            S7-1500,            CV_PumpCtrl_out,            1.8466393947601318,            21.599999999999955
Water Level Control,            WaterTankSystem,            PV_WaterLevel_out,            9.598318986351337,            21.799999999999955
Water Level Control,            S7-1500,            CV_PumpCtrl_out,            1.8466393947601318,            21.799999999999955
Water Level Control,            WaterTankSystem,            PV_WaterLevel_out,            9.62870221265624,            21.999999999999954
Water Level Control,            S7-1500,            CV_PumpCtrl_out,            1.8410239219665527,            21.999999999999954
Water Level Control,            WaterTankSystem,            PV_WaterLevel_out,            9.658784908052901,            22.199999999999953
Water Level Control,            S7-1500,            CV_PumpCtrl_out,            1.8325790166854858,            22.199999999999953
Water Level Control,            WaterTankSystem,            PV_WaterLevel_out,            9.688419961585023,            22.399999999999952
Water Level Control,            S7-1500,            CV_PumpCtrl_out,            1.821576476097107,            22.399999999999952
Water Level Control,            WaterTankSystem,            PV_WaterLevel_out,            9.717474500735719,            22.59999999999995
Water Level Control,            S7-1500,            CV_PumpCtrl_out,            1.8082813024520874,            22.59999999999995
Water Level Control,            WaterTankSystem,            PV_WaterLevel_out,            9.745829468438444,            22.79999999999995
Water Level Control,            S7-1500,            CV_PumpCtrl_out,            1.7929518222808838,            22.79999999999995
Water Level Control,            WaterTankSystem,            PV_WaterLevel_out,            9.773379240577233,            22.99999999999995
Water Level Control,            S7-1500,            CV_PumpCtrl_out,            1.7758369445800781,            22.99999999999995
Water Level Control,            WaterTankSystem,            PV_WaterLevel_out,            9.800031179657376,            23.19999999999995
Water Level Control,            S7-1500,            CV_PumpCtrl_out,            1.7571743726730347,            23.19999999999995
Water Level Control,            WaterTankSystem,            PV_WaterLevel_out,            9.825705077293795,            23.39999999999995
Water Level Control,            S7-1500,            CV_PumpCtrl_out,            1.7371941804885864,            23.39999999999995
Water Level Control,            WaterTankSystem,            PV_WaterLevel_out,            9.850332643626885,            23.599999999999948
Water Level Control,            S7-1500,            CV_PumpCtrl_out,            1.716111421585083,            23.599999999999948
Water Level Control,            WaterTankSystem,            PV_WaterLevel_out,            9.873856903306075,            23.799999999999947
Water Level Control,            S7-1500,            CV_PumpCtrl_out,            1.6941380500793457,            23.799999999999947
Water Level Control,            WaterTankSystem,            PV_WaterLevel_out,            9.896231707185434,            23.999999999999947
Water Level Control,            S7-1500,            CV_PumpCtrl_out,            1.6714659929275513,            23.999999999999947
Water Level Control,            WaterTankSystem,            PV_WaterLevel_out,            9.917421120325841,            24.199999999999946
Water Level Control,            S7-1500,            CV_PumpCtrl_out,            1.648280143737793,            24.199999999999946
Water Level Control,            WaterTankSystem,            PV_WaterLevel_out,            9.937398714602141,            24.399999999999945
Water Level Control,            S7-1500,            CV_PumpCtrl_out,            1.624753475189209,            24.399999999999945
Water Level Control,            WaterTankSystem,            PV_WaterLevel_out,            9.956147065752306,            24.599999999999945
Water Level Control,            S7-1500,            CV_PumpCtrl_out,            1.6010472774505615,            24.599999999999945
Water Level Control,            WaterTankSystem,            PV_WaterLevel_out,            9.973657136259144,            24.799999999999944
Water Level Control,            S7-1500,            CV_PumpCtrl_out,            1.5773100852966309,            24.799999999999944
Water Level Control,            WaterTankSystem,            PV_WaterLevel_out,            9.989927639477665,            24.999999999999943
Water Level Control,            S7-1500,            CV_PumpCtrl_out,            1.5536787509918213,            24.999999999999943
Water Level Control,            WaterTankSystem,            PV_WaterLevel_out,            10.004964405929053,            25.199999999999942
Water Level Control,            S7-1500,            CV_PumpCtrl_out,            1.5302815437316895,            25.199999999999942
Water Level Control,            WaterTankSystem,            PV_WaterLevel_out,            10.018779855862824,            25.39999999999994
Water Level Control,            S7-1500,            CV_PumpCtrl_out,            1.5072287321090698,            25.39999999999994
Water Level Control,            WaterTankSystem,            PV_WaterLevel_out,            10.031392315589827,            25.59999999999994
Water Level Control,            S7-1500,            CV_PumpCtrl_out,            1.4846283197402954,            25.59999999999994
Water Level Control,            WaterTankSystem,            PV_WaterLevel_out,            10.042825494201997,            25.79999999999994
Water Level Control,            S7-1500,            CV_PumpCtrl_out,            1.4625705480575562,            25.79999999999994
Water Level Control,            WaterTankSystem,            PV_WaterLevel_out,            10.05310796728679,            25.99999999999994
Water Level Control,            S7-1500,            CV_PumpCtrl_out,            1.4411375522613525,            25.99999999999994
Water Level Control,            WaterTankSystem,            PV_WaterLevel_out,            10.062272516954424,            26.19999999999994
Water Level Control,            S7-1500,            CV_PumpCtrl_out,            1.420403003692627,            26.19999999999994
Water Level Control,            WaterTankSystem,            PV_WaterLevel_out,            10.070355705814077,            26.399999999999938
Water Level Control,            S7-1500,            CV_PumpCtrl_out,            1.4004299640655518,            26.399999999999938
Water Level Control,            WaterTankSystem,            PV_WaterLevel_out,            10.077397389733354,            26.599999999999937
Water Level Control,            S7-1500,            CV_PumpCtrl_out,            1.3812694549560547,            26.599999999999937
Water Level Control,            WaterTankSystem,            PV_WaterLevel_out,            10.083440142832833,            26.799999999999937
Water Level Control,            S7-1500,            CV_PumpCtrl_out,            1.362966775894165,            26.799999999999937
Water Level Control,            WaterTankSystem,            PV_WaterLevel_out,            10.088528806385241,            26.999999999999936
Water Level Control,            S7-1500,            CV_PumpCtrl_out,            1.3455591201782227,            26.999999999999936
Water Level Control,            WaterTankSystem,            PV_WaterLevel_out,            10.09271013709629,            27.199999999999935
Water Level Control,            S7-1500,            CV_PumpCtrl_out,            1.3290730714797974,            27.199999999999935
Water Level Control,            WaterTankSystem,            PV_WaterLevel_out,            10.096032334429934,            27.399999999999935
Water Level Control,            S7-1500,            CV_PumpCtrl_out,            1.3135292530059814,            27.399999999999935
Water Level Control,            WaterTankSystem,            PV_WaterLevel_out,            10.098544623056537,            27.599999999999934
Water Level Control,            S7-1500,            CV_PumpCtrl_out,            1.2989435195922852,            27.599999999999934
Water Level Control,            WaterTankSystem,            PV_WaterLevel_out,            10.100296982284108,            27.799999999999933
Water Level Control,            S7-1500,            CV_PumpCtrl_out,            1.2853195667266846,            27.799999999999933
Water Level Control,            WaterTankSystem,            PV_WaterLevel_out,            10.101339721381201,            27.999999999999932
Water Level Control,            S7-1500,            CV_PumpCtrl_out,            1.2726620435714722,            27.999999999999932
Water Level Control,            WaterTankSystem,            PV_WaterLevel_out,            10.101723199403946,            28.199999999999932
Water Level Control,            S7-1500,            CV_PumpCtrl_out,            1.2609645128250122,            28.199999999999932
Water Level Control,            WaterTankSystem,            PV_WaterLevel_out,            10.101497572133624,            28.39999999999993
Water Level Control,            S7-1500,            CV_PumpCtrl_out,            1.2502156496047974,            28.39999999999993
Water Level Control,            WaterTankSystem,            PV_WaterLevel_out,            10.100712394313744,            28.59999999999993
Water Level Control,            S7-1500,            CV_PumpCtrl_out,            1.2404049634933472,            28.59999999999993
Water Level Control,            WaterTankSystem,            PV_WaterLevel_out,            10.099416520634897,            28.79999999999993
Water Level Control,            S7-1500,            CV_PumpCtrl_out,            1.2315109968185425,            28.79999999999993
Water Level Control,            WaterTankSystem,            PV_WaterLevel_out,            10.09765785489114,            28.99999999999993
Water Level Control,            S7-1500,            CV_PumpCtrl_out,            1.2235133647918701,            28.99999999999993
Water Level Control,            WaterTankSystem,            PV_WaterLevel_out,            10.095483106306057,            29.19999999999993
Water Level Control,            S7-1500,            CV_PumpCtrl_out,            1.2163853645324707,            29.19999999999993
Water Level Control,            WaterTankSystem,            PV_WaterLevel_out,            10.092937662256611,            29.399999999999928
Water Level Control,            S7-1500,            CV_PumpCtrl_out,            1.2101000547409058,            29.399999999999928
Water Level Control,            WaterTankSystem,            PV_WaterLevel_out,            10.090065428902665,            29.599999999999927
Water Level Control,            S7-1500,            CV_PumpCtrl_out,            1.2046242952346802,            29.599999999999927
Water Level Control,            WaterTankSystem,            PV_WaterLevel_out,            10.086908675033355,            29.799999999999926
Water Level Control,            S7-1500,            CV_PumpCtrl_out,            1.199926495552063,            29.799999999999926
Water Level Control,            WaterTankSystem,            PV_WaterLevel_out,            10.083507921288167,            29.999999999999925
Water Level Control,            S7-1500,            CV_PumpCtrl_out,            1.1959706544876099,            29.999999999999925
Water Level Control,            WaterTankSystem,            PV_WaterLevel_out,            10.079901874075787,            30.199999999999925
Water Level Control,            S7-1500,            CV_PumpCtrl_out,            1.1927211284637451,            30.199999999999925
Water Level Control,            WaterTankSystem,            PV_WaterLevel_out,            10.076127330145516,            30.399999999999924
Water Level Control,            S7-1500,            CV_PumpCtrl_out,            1.1901397705078125,            30.399999999999924
Water Level Control,            WaterTankSystem,            PV_WaterLevel_out,            10.072219128910502,            30.599999999999923
Water Level Control,            S7-1500,            CV_PumpCtrl_out,            1.1881890296936035,            30.599999999999923
Water Level Control,            WaterTankSystem,            PV_WaterLevel_out,            10.06821011098524,            30.799999999999923
Water Level Control,            S7-1500,            CV_PumpCtrl_out,            1.1868293285369873,            30.799999999999923
Water Level Control,            WaterTankSystem,            PV_WaterLevel_out,            10.064131088641911,            30.999999999999922
Water Level Control,            S7-1500,            CV_PumpCtrl_out,            1.1860222816467285,            30.999999999999922
Water Level Control,            WaterTankSystem,            PV_WaterLevel_out,            10.060010831353353,            31.19999999999992
Water Level Control,            S7-1500,            CV_PumpCtrl_out,            1.1857274770736694,            31.19999999999992
Water Level Control,            WaterTankSystem,            PV_WaterLevel_out,            10.055876051257911,            31.39999999999992
Water Level Control,            S7-1500,            CV_PumpCtrl_out,            1.185906171798706,            31.39999999999992
Water Level Control,            WaterTankSystem,            PV_WaterLevel_out,            10.051751400712877,            31.59999999999992
Water Level Control,            S7-1500,            CV_PumpCtrl_out,            1.186521291732788,            31.59999999999992
Water Level Control,            WaterTankSystem,            PV_WaterLevel_out,            10.047659562030471,            31.79999999999992
Water Level Control,            S7-1500,            CV_PumpCtrl_out,            1.1875331401824951,            31.79999999999992
Water Level Control,            WaterTankSystem,            PV_WaterLevel_out,            10.043621229734143,            31.99999999999992
Water Level Control,            S7-1500,            CV_PumpCtrl_out,            1.188904047012329,            31.99999999999992
Water Level Control,            WaterTankSystem,            PV_WaterLevel_out,            10.039655101980697,            32.19999999999992
Water Level Control,            S7-1500,            CV_PumpCtrl_out,            1.1906001567840576,            32.19999999999992
Water Level Control,            WaterTankSystem,            PV_WaterLevel_out,            10.035778032639918,            32.39999999999992
Water Level Control,            S7-1500,            CV_PumpCtrl_out,            1.1925841569900513,            32.39999999999992
Water Level Control,            WaterTankSystem,            PV_WaterLevel_out,            10.032005045849811,            32.59999999999992
Water Level Control,            S7-1500,            CV_PumpCtrl_out,            1.1948213577270508,            32.59999999999992
Water Level Control,            WaterTankSystem,            PV_WaterLevel_out,            10.028349321041404,            32.799999999999926
Water Level Control,            S7-1500,            CV_PumpCtrl_out,            1.197279930114746,            32.799999999999926
Water Level Control,            WaterTankSystem,            PV_WaterLevel_out,            10.024822335606647,            32.99999999999993
Water Level Control,            S7-1500,            CV_PumpCtrl_out,            1.1999295949935913,            32.99999999999993
Water Level Control,            WaterTankSystem,            PV_WaterLevel_out,            10.021433980313498,            33.19999999999993
Water Level Control,            S7-1500,            CV_PumpCtrl_out,            1.2027374505996704,            33.19999999999993
Water Level Control,            WaterTankSystem,            PV_WaterLevel_out,            10.018192537432943,            33.399999999999935
Water Level Control,            S7-1500,            CV_PumpCtrl_out,            1.2056766748428345,            33.399999999999935
Water Level Control,            WaterTankSystem,            PV_WaterLevel_out,            10.015104772265195,            33.59999999999994
Water Level Control,            S7-1500,            CV_PumpCtrl_out,            1.2087197303771973,            33.59999999999994
Water Level Control,            WaterTankSystem,            PV_WaterLevel_out,            10.012176071685927,            33.79999999999994
Water Level Control,            S7-1500,            CV_PumpCtrl_out,            1.2118397951126099,            33.79999999999994
Water Level Control,            WaterTankSystem,            PV_WaterLevel_out,            10.00941044852375,            33.99999999999994
Water Level Control,            S7-1500,            CV_PumpCtrl_out,            1.2150152921676636,            33.99999999999994
Water Level Control,            WaterTankSystem,            PV_WaterLevel_out,            10.00681069476585,            34.199999999999946
Water Level Control,            S7-1500,            CV_PumpCtrl_out,            1.218222737312317,            34.199999999999946
Water Level Control,            WaterTankSystem,            PV_WaterLevel_out,            10.004378468591828,            34.39999999999995
Water Level Control,            S7-1500,            CV_PumpCtrl_out,            1.2214411497116089,            34.39999999999995
Water Level Control,            WaterTankSystem,            PV_WaterLevel_out,            10.00211431292687,            34.59999999999995
Water Level Control,            S7-1500,            CV_PumpCtrl_out,            1.2246525287628174,            34.59999999999995
Water Level Control,            WaterTankSystem,            PV_WaterLevel_out,            10.000017795857834,            34.799999999999955
Water Level Control,            S7-1500,            CV_PumpCtrl_out,            1.227837085723877,            34.799999999999955
Water Level Control,            WaterTankSystem,            PV_WaterLevel_out,            9.998087543385552,            34.99999999999996
Water Level Control,            S7-1500,            CV_PumpCtrl_out,            1.230979561805725,            34.99999999999996
Water Level Control,            WaterTankSystem,            PV_WaterLevel_out,            9.996321310975723,            35.19999999999996
Water Level Control,            S7-1500,            CV_PumpCtrl_out,            1.234066128730774,            35.19999999999996
Water Level Control,            WaterTankSystem,            PV_WaterLevel_out,            9.994716135038162,            35.39999999999996
Water Level Control,            S7-1500,            CV_PumpCtrl_out,            1.2370833158493042,            35.39999999999996
Water Level Control,            WaterTankSystem,            PV_WaterLevel_out,            9.99326837982478,            35.599999999999966
Water Level Control,            S7-1500,            CV_PumpCtrl_out,            1.240020751953125,            35.599999999999966
Water Level Control,            WaterTankSystem,            PV_WaterLevel_out,            9.991973825912186,            35.79999999999997
Water Level Control,            S7-1500,            CV_PumpCtrl_out,            1.2456092834472656,            35.79999999999997
Water Level Control,            WaterTankSystem,            PV_WaterLevel_out,            9.99082768384944,            35.99999999999997
Water Level Control,            S7-1500,            CV_PumpCtrl_out,            1.2456092834472656,            35.99999999999997
Water Level Control,            WaterTankSystem,            PV_WaterLevel_out,            9.989824652656303,            36.199999999999974
Water Level Control,            S7-1500,            CV_PumpCtrl_out,            1.2482459545135498,            36.199999999999974
Water Level Control,            WaterTankSystem,            PV_WaterLevel_out,            9.98895908802093,            36.39999999999998
Water Level Control,            S7-1500,            CV_PumpCtrl_out,            1.2507684230804443,            36.39999999999998
Water Level Control,            WaterTankSystem,            PV_WaterLevel_out,            9.98822503012757,            36.59999999999998
Water Level Control,            S7-1500,            CV_PumpCtrl_out,            1.2531700134277344,            36.59999999999998
Water Level Control,            WaterTankSystem,            PV_WaterLevel_out,            9.987616195759667,            36.79999999999998
Water Level Control,            S7-1500,            CV_PumpCtrl_out,            1.2554490566253662,            36.79999999999998
Water Level Control,            WaterTankSystem,            PV_WaterLevel_out,            9.987126113322526,            36.999999999999986
Water Level Control,            S7-1500,            CV_PumpCtrl_out,            1.2576000690460205,            36.999999999999986
Water Level Control,            WaterTankSystem,            PV_WaterLevel_out,            9.986748153029035,            37.19999999999999
Water Level Control,            S7-1500,            CV_PumpCtrl_out,            1.2596226930618286,            37.19999999999999
Water Level Control,            WaterTankSystem,            PV_WaterLevel_out,            9.986475560315093,            37.39999999999999
Water Level Control,            S7-1500,            CV_PumpCtrl_out,            1.2615158557891846,            37.39999999999999
Water Level Control,            WaterTankSystem,            PV_WaterLevel_out,            9.98630156622003,            37.599999999999994
Water Level Control,            S7-1500,            CV_PumpCtrl_out,            1.2632759809494019,            37.599999999999994
Water Level Control,            WaterTankSystem,            PV_WaterLevel_out,            9.98621930706381,            37.8
Water Level Control,            S7-1500,            CV_PumpCtrl_out,            1.2649075984954834,            37.8
Water Level Control,            WaterTankSystem,            PV_WaterLevel_out,            9.986221964810372,            38.0
Water Level Control,            S7-1500,            CV_PumpCtrl_out,            1.2664086818695068,            38.0
Water Level Control,            WaterTankSystem,            PV_WaterLevel_out,            9.986302805319752,            38.2
Water Level Control,            S7-1500,            CV_PumpCtrl_out,            1.267782211303711,            38.2
Water Level Control,            WaterTankSystem,            PV_WaterLevel_out,            9.986455139632712,            38.400000000000006
Water Level Control,            S7-1500,            CV_PumpCtrl_out,            1.2690317630767822,            38.400000000000006
Water Level Control,            WaterTankSystem,            PV_WaterLevel_out,            9.98667246359276,            38.60000000000001
Water Level Control,            S7-1500,            CV_PumpCtrl_out,            1.2701573371887207,            38.60000000000001
Water Level Control,            WaterTankSystem,            PV_WaterLevel_out,            9.986948382793436,            38.80000000000001
Water Level Control,            S7-1500,            CV_PumpCtrl_out,            1.2711639404296875,            38.80000000000001
Water Level Control,            WaterTankSystem,            PV_WaterLevel_out,            9.987276648108265,            39.000000000000014
Water Level Control,            S7-1500,            CV_PumpCtrl_out,            1.272055745124817,            39.000000000000014
Water Level Control,            WaterTankSystem,            PV_WaterLevel_out,            9.987651259260073,            39.20000000000002
Water Level Control,            S7-1500,            CV_PumpCtrl_out,            1.2728345394134521,            39.20000000000002
Water Level Control,            WaterTankSystem,            PV_WaterLevel_out,            9.988066383665016,            39.40000000000002
Water Level Control,            S7-1500,            CV_PumpCtrl_out,            1.2735086679458618,            39.40000000000002
Water Level Control,            WaterTankSystem,            PV_WaterLevel_out,            9.988516460222128,            39.60000000000002
Water Level Control,            S7-1500,            CV_PumpCtrl_out,            1.2740782499313354,            39.60000000000002
Water Level Control,            WaterTankSystem,            PV_WaterLevel_out,            9.988996156505703,            39.800000000000026
Water Level Control,            S7-1500,            CV_PumpCtrl_out,            1.2745513916015625,            39.800000000000026
Water Level Control,            WaterTankSystem,            PV_WaterLevel_out,            9.989500362410924,            40.00000000000003
Water Level Control,            S7-1500,            CV_PumpCtrl_out,            1.2749321460723877,            40.00000000000003
Water Level Control,            WaterTankSystem,            PV_WaterLevel_out,            9.990024287404864,            40.20000000000003
Water Level Control,            S7-1500,            CV_PumpCtrl_out,            1.2752268314361572,            40.20000000000003
Water Level Control,            WaterTankSystem,            PV_WaterLevel_out,            9.990563415007582,            40.400000000000034
Water Level Control,            S7-1500,            CV_PumpCtrl_out,            1.275437593460083,            40.400000000000034
Water Level Control,            WaterTankSystem,            PV_WaterLevel_out,            9.991113454189609,            40.60000000000004
Water Level Control,            S7-1500,            CV_PumpCtrl_out,            1.2755730152130127,            40.60000000000004
Water Level Control,            WaterTankSystem,            PV_WaterLevel_out,            9.991670395402823,            40.80000000000004
Water Level Control,            S7-1500,            CV_PumpCtrl_out,            1.2756361961364746,            40.80000000000004
Water Level Control,            WaterTankSystem,            PV_WaterLevel_out,            9.992230533258804,            41.00000000000004
Water Level Control,            S7-1500,            CV_PumpCtrl_out,            1.275633692741394,            41.00000000000004
Water Level Control,            WaterTankSystem,            PV_WaterLevel_out,            9.992790415159424,            41.200000000000045
Water Level Control,            S7-1500,            CV_PumpCtrl_out,            1.2755709886550903,            41.200000000000045
Water Level Control,            WaterTankSystem,            PV_WaterLevel_out,            9.993346899918226,            41.40000000000005
Water Level Control,            S7-1500,            CV_PumpCtrl_out,            1.2754522562026978,            41.40000000000005
Water Level Control,            WaterTankSystem,            PV_WaterLevel_out,            9.993897097260549,            41.60000000000005
Water Level Control,            S7-1500,            CV_PumpCtrl_out,            1.2752821445465088,            41.60000000000005
Water Level Control,            WaterTankSystem,            PV_WaterLevel_out,            9.994438346236686,            41.800000000000054
Water Level Control,            S7-1500,            CV_PumpCtrl_out,            1.2750669717788696,            41.800000000000054
Water Level Control,            WaterTankSystem,            PV_WaterLevel_out,            9.99496826807968,            42.00000000000006
Water Level Control,            S7-1500,            CV_PumpCtrl_out,            1.27481210231781,            42.00000000000006
Water Level Control,            WaterTankSystem,            PV_WaterLevel_out,            9.995484783114728,            42.20000000000006
Water Level Control,            S7-1500,            CV_PumpCtrl_out,            1.274519920349121,            42.20000000000006
Water Level Control,            WaterTankSystem,            PV_WaterLevel_out,            9.995986011581717,            42.40000000000006
Water Level Control,            S7-1500,            CV_PumpCtrl_out,            1.2741975784301758,            42.40000000000006
Water Level Control,            WaterTankSystem,            PV_WaterLevel_out,            9.996470317789163,            42.600000000000065
Water Level Control,            S7-1500,            CV_PumpCtrl_out,            1.2738465070724487,            42.600000000000065
Water Level Control,            WaterTankSystem,            PV_WaterLevel_out,            9.996936285331813,            42.80000000000007
Water Level Control,            S7-1500,            CV_PumpCtrl_out,            1.273472785949707,            42.80000000000007
Water Level Control,            WaterTankSystem,            PV_WaterLevel_out,            9.997382689822858,            43.00000000000007
Water Level Control,            S7-1500,            CV_PumpCtrl_out,            1.2730810642242432,            43.00000000000007
Water Level Control,            WaterTankSystem,            PV_WaterLevel_out,            9.997808578506554,            43.200000000000074
Water Level Control,            S7-1500,            CV_PumpCtrl_out,            1.2722529172897339,            43.200000000000074
Water Level Control,            WaterTankSystem,            PV_WaterLevel_out,            9.998213129496637,            43.40000000000008
Water Level Control,            S7-1500,            CV_PumpCtrl_out,            1.2722529172897339,            43.40000000000008
Water Level Control,            WaterTankSystem,            PV_WaterLevel_out,            9.998595731930452,            43.60000000000008
Water Level Control,            S7-1500,            CV_PumpCtrl_out,            1.2718250751495361,            43.60000000000008
Water Level Control,            WaterTankSystem,            PV_WaterLevel_out,            9.99895599096671,            43.80000000000008
Water Level Control,            S7-1500,            CV_PumpCtrl_out,            1.271390438079834,            43.80000000000008
Water Level Control,            WaterTankSystem,            PV_WaterLevel_out,            9.999293584447729,            44.000000000000085
Water Level Control,            S7-1500,            CV_PumpCtrl_out,            1.2709555625915527,            44.000000000000085
Water Level Control,            WaterTankSystem,            PV_WaterLevel_out,            9.999608408529637,            44.20000000000009
Water Level Control,            S7-1500,            CV_PumpCtrl_out,            1.2705198526382446,            44.20000000000009
Water Level Control,            WaterTankSystem,            PV_WaterLevel_out,            9.999900508328016,            44.40000000000009
Water Level Control,            S7-1500,            CV_PumpCtrl_out,            1.2700870037078857,            44.40000000000009
Water Level Control,            WaterTankSystem,            PV_WaterLevel_out,            10.000170006261078,            44.600000000000094
Water Level Control,            S7-1500,            CV_PumpCtrl_out,            1.2696577310562134,            44.600000000000094
Water Level Control,            WaterTankSystem,            PV_WaterLevel_out,            10.000417134393128,            44.8000000000001
Water Level Control,            S7-1500,            CV_PumpCtrl_out,            1.2692373991012573,            44.8000000000001
Water Level Control,            WaterTankSystem,            PV_WaterLevel_out,            10.00064227589658,            45.0000000000001
Water Level Control,            S7-1500,            CV_PumpCtrl_out,            1.2688251733779907,            45.0000000000001
Water Level Control,            WaterTankSystem,            PV_WaterLevel_out,            10.000845925679258,            45.2000000000001
Water Level Control,            S7-1500,            CV_PumpCtrl_out,            1.2684234380722046,            45.2000000000001
Water Level Control,            WaterTankSystem,            PV_WaterLevel_out,            10.001028615829629,            45.400000000000105
Water Level Control,            S7-1500,            CV_PumpCtrl_out,            1.2680326700210571,            45.400000000000105
Water Level Control,            WaterTankSystem,            PV_WaterLevel_out,            10.00119094812933,            45.60000000000011
Water Level Control,            S7-1500,            CV_PumpCtrl_out,            1.2676551342010498,            45.60000000000011
Water Level Control,            WaterTankSystem,            PV_WaterLevel_out,            10.001333590930805,            45.80000000000011
Water Level Control,            S7-1500,            CV_PumpCtrl_out,            1.267292857170105,            45.80000000000011
Water Level Control,            WaterTankSystem,            PV_WaterLevel_out,            10.001457317589223,            46.000000000000114
Water Level Control,            S7-1500,            CV_PumpCtrl_out,            1.2669464349746704,            46.000000000000114
Water Level Control,            WaterTankSystem,            PV_WaterLevel_out,            10.001562964450356,            46.20000000000012
Water Level Control,            S7-1500,            CV_PumpCtrl_out,            1.2666147947311401,            46.20000000000012
Water Level Control,            WaterTankSystem,            PV_WaterLevel_out,            10.001651353283568,            46.40000000000012
Water Level Control,            S7-1500,            CV_PumpCtrl_out,            1.2662997245788574,            46.40000000000012
Water Level Control,            WaterTankSystem,            PV_WaterLevel_out,            10.001723321172683,            46.60000000000012
Water Level Control,            S7-1500,            CV_PumpCtrl_out,            1.2660014629364014,            46.60000000000012
Water Level Control,            WaterTankSystem,            PV_WaterLevel_out,            10.001779753111554,            46.800000000000125
Water Level Control,            S7-1500,            CV_PumpCtrl_out,            1.2657217979431152,            46.800000000000125
Water Level Control,            WaterTankSystem,            PV_WaterLevel_out,            10.00182158191414,            47.00000000000013
Water Level Control,            S7-1500,            CV_PumpCtrl_out,            1.265459418296814,            47.00000000000013
Water Level Control,            WaterTankSystem,            PV_WaterLevel_out,            10.001849749290102,            47.20000000000013
Water Level Control,            S7-1500,            CV_PumpCtrl_out,            1.2652143239974976,            47.20000000000013
Water Level Control,            WaterTankSystem,            PV_WaterLevel_out,            10.001865161270999,            47.400000000000134
Water Level Control,            S7-1500,            CV_PumpCtrl_out,            1.2649863958358765,            47.400000000000134
Water Level Control,            WaterTankSystem,            PV_WaterLevel_out,            10.00186871805004,            47.600000000000136
Water Level Control,            S7-1500,            CV_PumpCtrl_out,            1.2647769451141357,            47.600000000000136
Water Level Control,            WaterTankSystem,            PV_WaterLevel_out,            10.001861346761967,            47.80000000000014
Water Level Control,            S7-1500,            CV_PumpCtrl_out,            1.2645858526229858,            47.80000000000014
Water Level Control,            WaterTankSystem,            PV_WaterLevel_out,            10.001844001341597,            48.00000000000014
Water Level Control,            S7-1500,            CV_PumpCtrl_out,            1.2644096612930298,            48.00000000000014
Water Level Control,            WaterTankSystem,            PV_WaterLevel_out,            10.001817543380621,            48.200000000000145
Water Level Control,            S7-1500,            CV_PumpCtrl_out,            1.2642509937286377,            48.200000000000145
Water Level Control,            WaterTankSystem,            PV_WaterLevel_out,            10.001782811042068,            48.40000000000015
Water Level Control,            S7-1500,            CV_PumpCtrl_out,            1.2641092538833618,            48.40000000000015
Water Level Control,            WaterTankSystem,            PV_WaterLevel_out,            10.001740690363428,            48.60000000000015
Water Level Control,            S7-1500,            CV_PumpCtrl_out,            1.263983964920044,            48.60000000000015
Water Level Control,            WaterTankSystem,            PV_WaterLevel_out,            10.001692037807732,            48.80000000000015
Water Level Control,            S7-1500,            CV_PumpCtrl_out,            1.2638728618621826,            48.80000000000015
Water Level Control,            WaterTankSystem,            PV_WaterLevel_out,            10.001637638661917,            49.000000000000156
Water Level Control,            S7-1500,            CV_PumpCtrl_out,            1.2637766599655151,            49.000000000000156
Water Level Control,            WaterTankSystem,            PV_WaterLevel_out,            10.001578237110872,            49.20000000000016
Water Level Control,            S7-1500,            CV_PumpCtrl_out,            1.263694405555725,            49.20000000000016
Water Level Control,            WaterTankSystem,            PV_WaterLevel_out,            10.001514569006224,            49.40000000000016
Water Level Control,            S7-1500,            CV_PumpCtrl_out,            1.2636252641677856,            49.40000000000016
Water Level Control,            WaterTankSystem,            PV_WaterLevel_out,            10.001447323246092,            49.600000000000165
Water Level Control,            S7-1500,            CV_PumpCtrl_out,            1.263569712638855,            49.600000000000165
Water Level Control,            WaterTankSystem,            PV_WaterLevel_out,            10.001377177653119,            49.80000000000017
Water Level Control,            S7-1500,            CV_PumpCtrl_out,            1.263525128364563,            49.80000000000017
Water Level Control,            WaterTankSystem,            PV_WaterLevel_out,            10.001304754289505,            50.00000000000017
Water Level Control,            S7-1500,            CV_PumpCtrl_out,            1.263493299484253,            50.00000000000017
Water Level Control,            WaterTankSystem,            PV_WaterLevel_out,            10.00123065251199,            50.20000000000017
Water Level Control,            S7-1500,            CV_PumpCtrl_out,            1.2634716033935547,            50.20000000000017
Water Level Control,            WaterTankSystem,            PV_WaterLevel_out,            10.001155448869449,            50.400000000000176
Water Level Control,            S7-1500,            CV_PumpCtrl_out,            1.2634601593017578,            50.400000000000176
Water Level Control,            WaterTankSystem,            PV_WaterLevel_out,            10.001079655658645,            50.60000000000018
Water Level Control,            S7-1500,            CV_PumpCtrl_out,            1.263456106185913,            50.60000000000018
Water Level Control,            WaterTankSystem,            PV_WaterLevel_out,            10.001003715063105,            50.80000000000018
Water Level Control,            S7-1500,            CV_PumpCtrl_out,            1.2634625434875488,            50.80000000000018
Water Level Control,            WaterTankSystem,            PV_WaterLevel_out,            10.000928073938999,            51.000000000000185
Water Level Control,            S7-1500,            CV_PumpCtrl_out,            1.2634766101837158,            51.000000000000185
Water Level Control,            WaterTankSystem,            PV_WaterLevel_out,            10.000853183565146,            51.20000000000019
Water Level Control,            S7-1500,            CV_PumpCtrl_out,            1.2634968757629395,            51.20000000000019
Water Level Control,            WaterTankSystem,            PV_WaterLevel_out,            10.000779386704906,            51.40000000000019
Water Level Control,            S7-1500,            CV_PumpCtrl_out,            1.2635231018066406,            51.40000000000019
Water Level Control,            WaterTankSystem,            PV_WaterLevel_out,            10.000706983405616,            51.60000000000019
Water Level Control,            S7-1500,            CV_PumpCtrl_out,            1.263556718826294,            51.60000000000019
Water Level Control,            WaterTankSystem,            PV_WaterLevel_out,            10.000636302555451,            51.800000000000196
Water Level Control,            S7-1500,            CV_PumpCtrl_out,            1.2635947465896606,            51.800000000000196
Water Level Control,            WaterTankSystem,            PV_WaterLevel_out,            10.000567633235308,            52.0000000000002
Water Level Control,            S7-1500,            CV_PumpCtrl_out,            1.2636369466781616,            52.0000000000002
Water Level Control,            WaterTankSystem,            PV_WaterLevel_out,            10.000501183328263,            52.2000000000002
Water Level Control,            S7-1500,            CV_PumpCtrl_out,            1.2636831998825073,            52.2000000000002
Water Level Control,            WaterTankSystem,            PV_WaterLevel_out,            10.000437151136765,            52.400000000000205
Water Level Control,            S7-1500,            CV_PumpCtrl_out,            1.2637317180633545,            52.400000000000205
Water Level Control,            WaterTankSystem,            PV_WaterLevel_out,            10.000375686695781,            52.60000000000021
Water Level Control,            S7-1500,            CV_PumpCtrl_out,            1.2637853622436523,            52.60000000000021
Water Level Control,            WaterTankSystem,            PV_WaterLevel_out,            10.000316966437968,            52.80000000000021
Water Level Control,            S7-1500,            CV_PumpCtrl_out,            1.2638393640518188,            52.80000000000021
Water Level Control,            WaterTankSystem,            PV_WaterLevel_out,            10.000261118479921,            53.00000000000021
Water Level Control,            S7-1500,            CV_PumpCtrl_out,            1.2638963460922241,            53.00000000000021
Water Level Control,            WaterTankSystem,            PV_WaterLevel_out,            10.000208217120054,            53.200000000000216
Water Level Control,            S7-1500,            CV_PumpCtrl_out,            1.2639532089233398,            53.200000000000216
Water Level Control,            WaterTankSystem,            PV_WaterLevel_out,            10.000158324407113,            53.40000000000022
Water Level Control,            S7-1500,            CV_PumpCtrl_out,            1.2640125751495361,            53.40000000000022
Water Level Control,            WaterTankSystem,            PV_WaterLevel_out,            10.000111490404686,            53.60000000000022
Water Level Control,            S7-1500,            CV_PumpCtrl_out,            1.2640711069107056,            53.60000000000022
Water Level Control,            WaterTankSystem,            PV_WaterLevel_out,            10.000067747047453,            53.800000000000225
Water Level Control,            S7-1500,            CV_PumpCtrl_out,            1.2641299962997437,            53.800000000000225
Water Level Control,            WaterTankSystem,            PV_WaterLevel_out,            10.00002707269914,            54.00000000000023
Water Level Control,            S7-1500,            CV_PumpCtrl_out,            1.2641890048980713,            54.00000000000023
Water Level Control,            WaterTankSystem,            PV_WaterLevel_out,            9.999989469567701,            54.20000000000023
Water Level Control,            S7-1500,            CV_PumpCtrl_out,            1.2642478942871094,            54.20000000000023
Water Level Control,            WaterTankSystem,            PV_WaterLevel_out,            9.999954927951958,            54.40000000000023
Water Level Control,            S7-1500,            CV_PumpCtrl_out,            1.264304757118225,            54.40000000000023
Water Level Control,            WaterTankSystem,            PV_WaterLevel_out,            9.999923384588925,            54.600000000000236
Water Level Control,            S7-1500,            CV_PumpCtrl_out,            1.264360785484314,            54.600000000000236
Water Level Control,            WaterTankSystem,            PV_WaterLevel_out,            9.999894758623322,            54.80000000000024
Water Level Control,            S7-1500,            CV_PumpCtrl_out,            1.2644156217575073,            54.80000000000024
Water Level Control,            WaterTankSystem,            PV_WaterLevel_out,            9.999868990253205,            55.00000000000024
Water Level Control,            S7-1500,            CV_PumpCtrl_out,            1.264469027519226,            55.00000000000024
Water Level Control,            WaterTankSystem,            PV_WaterLevel_out,            9.999846004990134,            55.200000000000244
Water Level Control,            S7-1500,            CV_PumpCtrl_out,            1.2645207643508911,            55.200000000000244
Water Level Control,            WaterTankSystem,            PV_WaterLevel_out,            9.99982571667872,            55.40000000000025
Water Level Control,            S7-1500,            CV_PumpCtrl_out,            1.2645704746246338,            55.40000000000025
Water Level Control,            WaterTankSystem,            PV_WaterLevel_out,            9.999808024555584,            55.60000000000025
Water Level Control,            S7-1500,            CV_PumpCtrl_out,            1.2646193504333496,            55.60000000000025
Water Level Control,            WaterTankSystem,            PV_WaterLevel_out,            9.999792849034726,            55.80000000000025
Water Level Control,            S7-1500,            CV_PumpCtrl_out,            1.2646642923355103,            55.80000000000025
Water Level Control,            WaterTankSystem,            PV_WaterLevel_out,            9.999780063088316,            56.000000000000256
Water Level Control,            S7-1500,            CV_PumpCtrl_out,            1.2647079229354858,            56.000000000000256
Water Level Control,            WaterTankSystem,            PV_WaterLevel_out,            9.99976952830039,            56.20000000000026
Water Level Control,            S7-1500,            CV_PumpCtrl_out,            1.2647500038146973,            56.20000000000026
Water Level Control,            WaterTankSystem,            PV_WaterLevel_out,            9.999761166146039,            56.40000000000026
Water Level Control,            S7-1500,            CV_PumpCtrl_out,            1.2647888660430908,            56.40000000000026
Water Level Control,            WaterTankSystem,            PV_WaterLevel_out,            9.999754850711637,            56.600000000000264
Water Level Control,            S7-1500,            CV_PumpCtrl_out,            1.2648241519927979,            56.600000000000264
Water Level Control,            WaterTankSystem,            PV_WaterLevel_out,            9.999750405923061,            56.80000000000027
Water Level Control,            S7-1500,            CV_PumpCtrl_out,            1.2648587226867676,            56.80000000000027
Water Level Control,            WaterTankSystem,            PV_WaterLevel_out,            9.99974771881164,            57.00000000000027
Water Level Control,            S7-1500,            CV_PumpCtrl_out,            1.2648909091949463,            57.00000000000027
Water Level Control,            WaterTankSystem,            PV_WaterLevel_out,            9.99974670643124,            57.20000000000027
Water Level Control,            S7-1500,            CV_PumpCtrl_out,            1.2649204730987549,            57.20000000000027
Water Level Control,            WaterTankSystem,            PV_WaterLevel_out,            9.999747238517442,            57.400000000000276
Water Level Control,            S7-1500,            CV_PumpCtrl_out,            1.2649472951889038,            57.400000000000276
Water Level Control,            WaterTankSystem,            PV_WaterLevel_out,            9.999749176292886,            57.60000000000028
Water Level Control,            S7-1500,            CV_PumpCtrl_out,            1.264971137046814,            57.60000000000028
Water Level Control,            WaterTankSystem,            PV_WaterLevel_out,            9.999752372489455,            57.80000000000028
Water Level Control,            S7-1500,            CV_PumpCtrl_out,            1.2649933099746704,            57.80000000000028
Water Level Control,            WaterTankSystem,            PV_WaterLevel_out,            9.999756707114313,            58.000000000000284
Water Level Control,            S7-1500,            CV_PumpCtrl_out,            1.2650138139724731,            58.000000000000284
Water Level Control,            WaterTankSystem,            PV_WaterLevel_out,            9.999762093258381,            58.20000000000029
Water Level Control,            S7-1500,            CV_PumpCtrl_out,            1.2650309801101685,            58.20000000000029
Water Level Control,            WaterTankSystem,            PV_WaterLevel_out,            9.999768402596693,            58.40000000000029
Water Level Control,            S7-1500,            CV_PumpCtrl_out,            1.2650461196899414,            58.40000000000029
Water Level Control,            WaterTankSystem,            PV_WaterLevel_out,            9.99977549834169,            58.60000000000029
Water Level Control,            S7-1500,            CV_PumpCtrl_out,            1.2650606632232666,            58.60000000000029
Water Level Control,            WaterTankSystem,            PV_WaterLevel_out,            9.99978331257712,            58.800000000000296
Water Level Control,            S7-1500,            CV_PumpCtrl_out,            1.2650716304779053,            58.800000000000296
Water Level Control,            WaterTankSystem,            PV_WaterLevel_out,            9.999791738832311,            59.0000000000003
Water Level Control,            S7-1500,            CV_PumpCtrl_out,            1.2650818824768066,            59.0000000000003
Water Level Control,            WaterTankSystem,            PV_WaterLevel_out,            9.999800668112487,            59.2000000000003
Water Level Control,            S7-1500,            CV_PumpCtrl_out,            1.265089750289917,            59.2000000000003
Water Level Control,            WaterTankSystem,            PV_WaterLevel_out,            9.99981002143287,            59.400000000000304
Water Level Control,            S7-1500,            CV_PumpCtrl_out,            1.2650967836380005,            59.400000000000304
Water Level Control,            WaterTankSystem,            PV_WaterLevel_out,            9.999819717146051,            59.60000000000031
Water Level Control,            S7-1500,            CV_PumpCtrl_out,            1.265101432800293,            59.60000000000031
Water Level Control,            WaterTankSystem,            PV_WaterLevel_out,            9.999829673801251,            59.80000000000031
Water Level Control,            S7-1500,            CV_PumpCtrl_out,            1.265105128288269,            59.80000000000031
Water Level Control,            WaterTankSystem,            PV_WaterLevel_out,            9.999839807288136,            60.00000000000031
Water Level Control,            S7-1500,            CV_PumpCtrl_out,            1.2651078701019287,            60.00000000000031
